City_ID,City,Country,Lat,Lng,Max Temp (F),Humidity,Cloudiness,Wind Speed,Current Description
0,Jamestown,US,42.097,-79.2353,33.08,60,100,3.13,overcast clouds
1,Kodiak,US,57.79,-152.4072,29.79,67,100,7.44,overcast clouds
2,Ranfurly,NZ,-45.1333,170.1,69.06,56,43,0.91,scattered clouds
3,Mataura,NZ,-46.1927,168.8643,68.49,51,68,0.65,broken clouds
4,Barrow,US,71.2906,-156.7887,-16.58,63,0,0.0,clear sky
5,Mount Isa,AU,-20.7333,139.5,94.77,24,24,4.12,few clouds
6,Cape Town,ZA,-33.9258,18.4232,67.12,78,89,3.38,overcast clouds
7,Grindavik,IS,63.8424,-22.4338,41.47,93,100,23.15,heavy intensity rain
8,Port Elizabeth,ZA,-33.918,25.5701,69.1,94,75,7.2,broken clouds
9,Cherskiy,RU,68.75,161.3,-16.1,98,100,1.39,overcast clouds
10,Ishigaki,JP,24.3448,124.1572,69.35,76,93,9.67,overcast clouds
11,Marsa Matruh,EG,31.3525,27.2453,55.96,69,24,11.3,few clouds
12,Busselton,AU,-33.65,115.3333,66.04,59,80,5.44,broken clouds
13,Ler,SS,8.3018,30.1418,81.55,30,100,1.88,overcast clouds
14,Albany,US,42.6001,-73.9662,38.73,91,100,0.45,overcast clouds
15,Araouane,ML,18.9048,-3.5265,59.88,16,90,4.95,overcast clouds
16,Usevya,TZ,-7.1,31.2333,66.47,96,100,2.0,overcast clouds
17,Rikitea,PF,-23.1203,-134.9692,78.24,79,100,8.58,overcast clouds
18,Bandarbeyla,SO,9.4942,50.8122,75.56,66,37,8.71,scattered clouds
19,Yellowknife,CA,62.456,-114.3525,-25.58,88,75,1.54,broken clouds
20,Aksha,RU,50.2814,113.2867,-13.68,95,5,1.09,clear sky
21,Torbay,CA,47.6666,-52.7314,28.76,79,100,1.34,light snow
22,Vaini,TO,-21.2,-175.2,75.22,89,100,6.34,moderate rain
23,Atuona,PF,-9.8,-139.0333,79.03,72,43,7.98,scattered clouds
24,Kapaa,US,22.0752,-159.319,77.18,69,0,2.15,clear sky
25,San Eduardo,PH,12.1679,125.4503,79.43,81,58,1.0,broken clouds
26,Riyadh,SA,24.6877,46.7219,57.94,32,2,3.88,clear sky
27,Geraldton,AU,-28.7667,114.6,73.13,37,0,7.2,clear sky
28,Bluff,NZ,-46.6,168.3333,68.81,84,91,3.63,overcast clouds
29,Portel,BR,-1.9356,-50.8211,71.71,97,95,0.94,overcast clouds
30,Port Macquarie,AU,-31.4333,152.9167,80.89,67,37,4.35,scattered clouds
31,Aklavik,CA,68.2191,-135.0107,-28.48,98,9,1.61,clear sky
32,Baiyin,CN,36.5583,104.2081,21.56,72,96,0.9,overcast clouds
33,Shelburne,CA,44.0787,-80.2041,23.18,86,87,8.26,overcast clouds
34,Vardo,NO,70.3705,31.1107,19.6,88,100,5.7,light snow
35,Trat,TH,12.5,102.5,80.98,74,17,1.49,few clouds
36,Tura,IN,25.5198,90.2201,58.41,67,27,1.23,scattered clouds
37,Saint-Philippe,RE,-21.3585,55.7679,76.59,84,86,4.12,light rain
38,Keetmanshoop,NA,-26.5833,18.1333,72.28,69,52,3.33,broken clouds
39,Dunedin,NZ,-45.8742,170.5036,65.95,71,79,3.26,broken clouds
40,Port Alfred,ZA,-33.5906,26.891,71.15,93,67,2.82,broken clouds
41,Punta Arenas,CL,-53.15,-70.9167,51.12,53,89,8.68,overcast clouds
42,Port Hedland,AU,-20.3167,118.5667,86.05,74,2,3.6,clear sky
43,Hamilton,US,39.1834,-84.5333,32.88,63,97,1.79,overcast clouds
44,Pouembout,NC,-21.1333,164.9,85.12,66,21,2.93,few clouds
45,Xacmaz,AZ,41.4635,48.806,41.29,87,79,2.78,broken clouds
46,Saldanha,ZA,-33.0117,17.9442,65.23,90,69,2.19,broken clouds
47,Ushuaia,AR,-54.8,-68.3,46.6,60,97,2.71,overcast clouds
48,Victoria,HK,22.2855,114.1577,64.33,83,60,0.89,broken clouds
49,Roald,NO,62.5833,6.1333,34.32,64,0,6.17,clear sky
50,Qaanaaq,GL,77.484,-69.3632,1.38,69,95,3.7,overcast clouds
51,Qasigiannguit,GL,68.8193,-51.1922,16.05,88,100,3.44,overcast clouds
52,Zhigansk,RU,66.7697,123.3711,-29.76,95,85,9.1,overcast clouds
53,Faya,SA,18.3851,42.4509,52.32,64,5,1.38,clear sky
54,Airai,TL,-8.9266,125.4092,68.32,76,47,0.35,scattered clouds
55,Vlakhopoulon,GR,37.0333,21.7833,47.52,77,89,2.9,overcast clouds
56,Hami,CN,42.8,93.45,23.0,49,0,1.24,clear sky
57,Puerto Ayora,EC,-0.7393,-90.3518,73.04,86,86,3.46,overcast clouds
58,Bambous Virieux,MU,-20.3428,57.7575,76.21,80,98,3.92,overcast clouds
59,Agbor,NG,6.2518,6.1934,77.99,70,11,1.65,few clouds
60,Talnakh,RU,69.4865,88.3972,-3.8,98,100,1.39,light snow
61,Pangai,TO,-19.8,-174.35,80.71,74,100,7.72,overcast clouds
62,Hofn,IS,64.2539,-15.2082,42.1,86,100,13.95,light rain
63,Paratinga,BR,-12.6906,-43.1842,71.22,94,100,0.55,overcast clouds
64,Terrace,CA,54.5163,-128.6035,37.65,100,100,1.17,moderate rain
65,Hobart,AU,-42.8794,147.3294,69.12,88,90,0.45,light intensity drizzle
66,Butaritari,KI,3.0707,172.7902,81.48,77,99,6.96,overcast clouds
67,Nouadhibou,MR,20.931,-17.0347,69.01,51,100,5.51,overcast clouds
68,Elmina,GH,5.0898,-1.348,81.03,83,65,3.01,broken clouds
69,Georgetown,MY,5.4112,100.3354,80.53,79,20,1.34,few clouds
70,Byron Bay,AU,-28.65,153.6167,80.71,65,41,3.68,scattered clouds
71,Namibe,AO,-15.1961,12.1522,65.37,80,21,2.41,few clouds
72,Deogarh,IN,21.5333,84.7333,59.68,67,3,0.4,clear sky
73,Mount Gambier,AU,-37.8333,140.7667,77.56,40,62,2.72,broken clouds
74,Arraial Do Cabo,BR,-22.9661,-42.0278,70.38,90,100,2.5,overcast clouds
75,Bubaque,GW,11.2833,-15.8333,79.45,70,97,8.61,overcast clouds
76,Hualmay,PE,-11.0964,-77.6139,72.03,77,7,4.82,clear sky
77,Krasnoborsk,RU,61.5598,45.934,19.35,92,100,3.47,light snow
78,Provost,CA,52.3501,-110.2683,-8.86,96,96,2.44,overcast clouds
79,Avarua,CK,-21.2078,-159.775,84.25,74,75,6.69,broken clouds
80,Codrington,AU,-38.2667,141.9667,74.52,47,53,4.98,broken clouds
81,Saskylakh,RU,71.9167,114.0833,4.15,92,98,4.13,overcast clouds
82,Nikolskoye,RU,59.7035,30.7861,24.69,99,94,0.93,overcast clouds
83,Sandwick,GB,60.0,-1.25,42.62,93,75,9.77,light intensity drizzle
84,Norman Wells,CA,65.282,-126.8329,-31.61,99,84,1.58,broken clouds
85,Mar Del Plata,AR,-38.0023,-57.5575,75.0,41,0,1.34,clear sky
86,Bredasdorp,ZA,-34.5322,20.0403,64.27,76,100,3.11,overcast clouds
87,Kahului,US,20.8947,-156.47,79.97,68,0,2.68,clear sky
88,Cururupu,BR,-1.8283,-44.8683,74.12,95,100,0.94,light rain
89,Kaitangata,NZ,-46.2817,169.8464,67.93,81,79,3.03,broken clouds
90,Igarka,RU,67.4667,86.5833,-1.37,98,99,3.03,overcast clouds
91,Quepos,CR,9.4236,-84.1652,80.58,85,8,0.61,clear sky
92,Rio Grande,BR,-32.035,-52.0986,71.94,74,0,7.37,clear sky
93,Montes Claros,BR,-16.735,-43.8617,68.11,97,100,0.39,moderate rain
94,Barra Patuca,HN,15.8,-84.2833,76.06,84,5,4.32,clear sky
95,Palotina,BR,-24.2839,-53.84,66.36,80,51,4.4,broken clouds
96,Tiksi,RU,71.6872,128.8694,-1.71,78,100,9.75,overcast clouds
97,Mayo,US,38.8876,-76.5119,45.61,93,100,0.89,moderate rain
98,Katsuura,JP,35.1333,140.3,51.19,80,100,9.77,overcast clouds
99,Maxingal,PH,18.2149,121.6682,71.26,94,76,0.72,broken clouds
100,North Bend,US,43.4065,-124.2243,57.13,100,16,1.16,few clouds
101,Hilo,US,19.7297,-155.09,80.33,70,75,4.63,broken clouds
102,Vanavara,RU,60.34,102.2797,8.19,88,100,3.91,light snow
103,Lebu,CL,-37.6167,-73.65,60.39,90,17,1.7,few clouds
104,Sirsa,IN,29.5333,75.0167,49.59,75,0,1.8,clear sky
105,Maceio,BR,-9.6658,-35.7353,79.93,80,22,4.88,few clouds
106,Soubre,CI,5.7856,-6.6083,76.21,87,57,1.01,broken clouds
107,Fort Nelson,CA,58.8053,-122.7002,-20.61,76,90,1.03,heavy snow
108,Fallon,US,39.4735,-118.7774,46.92,45,0,3.6,clear sky
109,Hermanus,ZA,-34.4187,19.2345,66.9,87,100,4.06,overcast clouds
110,Necochea,AR,-38.5473,-58.7368,82.04,24,96,4.66,overcast clouds
111,Zelenets,RU,61.8849,50.7489,14.25,94,100,3.77,light snow
112,Kaeo,NZ,-35.1,173.7833,80.33,69,99,2.91,overcast clouds
113,Pevek,RU,69.7008,170.3133,-15.97,100,89,0.49,overcast clouds
114,Norrtalje,SE,59.758,18.705,31.01,85,99,2.45,overcast clouds
115,Khatanga,RU,71.9667,102.5,-8.03,94,57,2.33,broken clouds
116,Mackay,AU,-21.15,149.2,85.68,67,41,6.58,scattered clouds
117,Puerto El Triunfo,SV,13.2833,-88.55,80.76,60,1,3.6,clear sky
118,Hokitika,NZ,-42.7167,170.9667,66.0,72,93,2.8,overcast clouds
119,The Valley,AI,18.217,-63.0578,78.1,67,1,9.61,clear sky
120,Muscat,OM,23.6139,58.5922,66.22,61,0,1.66,clear sky
121,Muros,ES,42.7762,-9.0603,58.08,96,99,3.45,overcast clouds
122,Adrar,MR,20.5022,-10.0711,58.82,12,98,3.72,overcast clouds
123,Yerbogachen,RU,61.2767,108.0108,-9.02,81,98,4.0,overcast clouds
124,San Policarpo,PH,12.1791,125.5072,80.06,78,63,1.3,broken clouds
125,Quelimane,MZ,-17.8786,36.8883,73.42,94,86,1.09,overcast clouds
126,Nyurba,RU,63.2842,118.3319,-26.3,96,49,2.13,scattered clouds
127,Tallahassee,US,30.4383,-84.2807,70.0,90,0,0.45,clear sky
128,Udachnyy,RU,66.4167,112.4,2.44,77,100,8.26,overcast clouds
129,Sao Joao Da Barra,BR,-21.6403,-41.0511,71.1,96,100,3.25,overcast clouds
130,Dingle,PH,10.9995,122.6711,77.9,86,73,3.17,broken clouds
131,Palmer,US,42.1584,-72.3287,37.92,81,100,1.79,light rain
132,Castro,BR,-24.7911,-50.0119,57.15,92,72,1.5,broken clouds
133,Bagan,RU,54.1001,77.6646,-6.47,98,27,3.29,scattered clouds
134,Houma,US,29.5958,-90.7195,75.02,87,33,0.89,scattered clouds
135,Vanino,RU,49.0869,140.2543,1.11,83,66,2.57,broken clouds
136,Ancud,CL,-41.8697,-73.8203,66.42,90,51,2.46,broken clouds
137,Gat,IL,31.61,34.7642,55.4,37,38,4.08,scattered clouds
138,Krasnoselkup,RU,65.7,82.4667,-6.9,98,100,4.06,overcast clouds
139,Tuktoyaktuk,CA,69.4541,-133.0374,-28.16,99,63,3.1,broken clouds
140,Kichera,RU,55.9375,110.0997,-12.87,76,1,2.03,clear sky
141,Trairi,BR,-3.2778,-39.2689,78.6,78,100,3.19,overcast clouds
142,Kenai,US,60.5544,-151.2583,16.09,50,100,10.29,overcast clouds
143,Morada Nova,BR,-5.1067,-38.3725,79.86,74,97,3.32,moderate rain
144,Mao,ES,39.8885,4.2658,52.36,82,20,0.51,few clouds
145,Bairiki,KI,1.3292,172.9752,81.41,77,90,6.43,overcast clouds
146,Itubera,BR,-13.7322,-39.1492,74.25,93,100,1.67,heavy intensity rain
147,Hithadhoo,MV,-0.6,73.0833,81.45,74,27,2.88,scattered clouds
148,Ilo,PE,-17.6394,-71.3375,70.18,86,53,1.98,broken clouds
149,Dikson,RU,73.5069,80.5464,-12.53,100,99,2.72,overcast clouds
150,Kavaratti,IN,10.5669,72.642,79.7,69,20,3.97,few clouds
151,Ponta Do Sol,PT,32.6667,-17.1,66.13,36,99,4.46,overcast clouds
152,Sucre,BO,-19.0333,-65.2627,59.16,73,96,2.24,overcast clouds
153,Bireun,ID,5.203,96.7009,76.69,84,97,1.76,overcast clouds
154,Severo-Kurilsk,RU,50.6789,156.125,30.72,87,86,4.71,overcast clouds
155,Hay River,CA,60.8156,-115.7999,-18.47,98,100,0.85,overcast clouds
156,Hue,VN,16.4667,107.6,68.11,100,40,0.51,mist
157,Tanout,NE,14.9709,8.8879,56.39,19,0,6.95,clear sky
158,Suntar,RU,62.1444,117.6319,-29.67,98,16,2.05,few clouds
159,Namatanai,PG,-3.6667,152.4333,84.02,68,90,2.32,overcast clouds
160,Iqaluit,CA,63.7506,-68.5145,-27.31,67,73,5.36,broken clouds
161,Zhaoyang,CN,42.682,126.0305,6.08,91,99,0.22,overcast clouds
162,Itarema,BR,-2.9248,-39.9167,80.02,74,100,4.7,overcast clouds
163,Tezu,IN,27.9167,96.1667,62.8,47,99,1.36,overcast clouds
164,Bartica,GY,6.4,-58.6167,73.72,91,43,1.34,scattered clouds
165,Warrington,GB,53.3925,-2.5802,44.85,90,20,2.06,few clouds
166,Fortuna,US,40.5982,-124.1573,62.91,70,20,0.0,few clouds
167,Cap-Aux-Meules,CA,47.3821,-61.8597,33.85,93,100,9.26,overcast clouds
168,Komsomolskiy,UZ,40.4272,71.7189,39.92,60,75,1.03,haze
169,Klaksvik,FO,62.2266,-6.589,43.72,93,84,15.41,broken clouds
170,Alfred,US,42.2542,-77.7906,33.57,79,100,7.15,overcast clouds
171,Popondetta,PG,-8.7537,148.2534,87.85,58,94,1.39,overcast clouds
172,Yulara,AU,-25.2406,130.9889,98.44,10,25,5.14,scattered clouds
173,Tupelo,US,34.2576,-88.7034,51.62,76,100,10.8,overcast clouds
174,Vostok,RU,46.4856,135.8833,-9.54,95,34,0.96,scattered clouds
175,Antofagasta,CL,-23.65,-70.4,66.69,81,86,1.92,overcast clouds
176,Clyde River,CA,70.4692,-68.5914,-20.76,98,100,3.67,overcast clouds
177,Sinnamary,GF,5.3833,-52.95,75.9,83,98,3.31,overcast clouds
178,Half Moon Bay,US,37.4636,-122.4286,64.78,69,0,0.45,clear sky
179,Diu,IN,20.7141,70.9822,57.94,53,0,4.94,clear sky
180,Upernavik,GL,72.7868,-56.1549,1.06,98,100,5.07,overcast clouds
181,Souillac,MU,-20.5167,57.5167,76.35,86,99,3.21,light rain
182,Touros,BR,-5.1989,-35.4608,80.87,74,96,6.56,overcast clouds
183,Fenelon Falls,CA,44.5334,-78.7496,26.38,90,92,7.02,light snow
184,Takoradi,GH,4.8845,-1.7554,81.12,81,41,3.25,scattered clouds
185,Nanortalik,GL,60.1432,-45.2371,19.17,79,100,15.13,overcast clouds
186,Banepa,NP,27.6298,85.5214,46.72,100,75,1.03,mist
187,Kitakata,JP,37.65,139.8667,37.56,89,90,1.13,overcast clouds
188,Richards Bay,ZA,-28.783,32.0377,69.4,86,9,3.06,clear sky
189,Hede,CN,33.7681,120.2517,37.38,83,68,0.75,broken clouds
190,Ontario,US,34.0633,-117.6509,73.8,19,20,2.68,few clouds
191,Zhanaozen,KZ,43.3,52.8,34.16,76,14,8.09,few clouds
192,Ballarat,AU,-37.5662,143.8496,83.98,18,3,0.86,clear sky
193,Pisco,PE,-13.7,-76.2167,71.65,83,0,8.75,clear sky
194,Ozinki,RU,51.1786,49.6769,12.25,82,100,5.29,overcast clouds
195,Narsaq,GL,60.9167,-46.05,16.02,89,100,1.26,overcast clouds
196,Lapa,BR,-25.7697,-49.7158,62.47,92,100,1.62,overcast clouds
197,Matara,LK,5.9485,80.5353,74.16,91,100,3.77,overcast clouds
198,Kapit,MY,2.0167,112.9333,75.31,98,82,0.53,broken clouds
199,Zhezkazgan,KZ,47.8043,67.7144,6.76,90,28,4.77,scattered clouds
200,Rio Gallegos,AR,-51.6226,-69.2181,55.45,35,75,9.77,broken clouds
201,Cayenne,GF,4.9333,-52.3333,80.1,79,0,0.0,clear sky
202,Bulungu,CD,-4.55,18.6,71.71,94,100,0.78,overcast clouds
203,Tuatapere,NZ,-46.1333,167.6833,68.83,70,90,1.49,overcast clouds
204,Thinadhoo,MV,0.5333,72.9333,81.86,75,99,3.89,overcast clouds
205,College,US,64.8569,-147.8028,-7.94,73,75,4.12,broken clouds
206,Fereydun Kenar,IR,36.6864,52.5225,50.99,83,0,3.86,clear sky
207,Bathsheba,BB,13.2167,-59.5167,77.61,73,40,7.2,scattered clouds
208,Barcelos,PT,41.5388,-8.6151,57.34,98,100,2.11,overcast clouds
209,Bambanglipuro,ID,-7.95,110.2833,78.76,83,99,2.48,moderate rain
210,Sao Filipe,CV,14.8961,-24.4956,72.45,66,100,1.09,overcast clouds
211,Teya,RU,60.3778,92.6267,22.3,96,100,2.34,light snow
212,Sola,VU,-13.8833,167.55,82.67,76,99,6.77,overcast clouds
213,Kutum,SD,14.2,24.6667,68.36,26,63,5.57,broken clouds
214,Dubbo,AU,-32.25,148.6167,82.53,65,100,4.12,overcast clouds
215,Merauke,ID,-8.4667,140.3333,81.3,80,100,4.88,overcast clouds
216,Tonj,SS,7.2737,28.6822,81.86,28,99,0.74,overcast clouds
217,Elizabeth City,US,36.2946,-76.2511,62.8,81,20,1.34,few clouds
218,Podosinovets,RU,60.2776,47.0659,20.26,93,100,3.93,light snow
219,Valleyview,CA,55.0667,-117.2859,10.27,95,100,1.83,overcast clouds
220,Guadalupe Y Calvo,MX,26.1,-106.9667,51.44,40,100,0.62,overcast clouds
221,Sabang,ID,5.8933,95.3214,80.55,75,75,4.29,broken clouds
222,Grafton,US,42.207,-71.6856,40.87,82,100,0.45,light rain
223,Thai Nguyen,VN,21.5928,105.8442,55.18,85,100,0.59,overcast clouds
224,Lavrentiya,RU,65.5833,-171.0,-10.08,83,12,6.18,few clouds
225,Acapulco,MX,16.8634,-99.8901,82.22,74,75,2.57,broken clouds
226,Santa Rosa,PH,14.3122,121.1114,79.86,79,10,1.44,clear sky
227,Rock Sound,BS,24.9,-76.2,76.23,74,95,9.28,overcast clouds
228,Wanaka,NZ,-44.7,169.15,71.87,60,46,2.3,scattered clouds
229,Ahipara,NZ,-35.1667,173.1667,74.07,61,100,2.27,overcast clouds
230,Rabaul,PG,-4.1967,152.1721,82.0,71,100,3.85,overcast clouds
231,Port Lincoln,AU,-34.7333,135.8667,82.67,44,70,4.86,broken clouds
232,Lakes Entrance,AU,-37.8811,147.981,85.57,70,12,2.35,few clouds
233,Zharkent,KZ,44.1628,80.0,26.2,63,46,1.4,scattered clouds
234,Yakeshi,CN,49.2833,120.7333,-18.26,100,100,1.21,overcast clouds
235,Constitucion,CL,-35.3333,-72.4167,61.14,85,25,3.15,scattered clouds
236,East London,ZA,-33.0153,27.9116,72.07,89,74,7.01,broken clouds
237,Carnarvon,AU,-24.8667,113.6333,78.87,36,0,7.72,clear sky
238,Chokurdakh,RU,70.6333,147.9167,-26.9,97,12,3.59,few clouds
239,Manicore,BR,-5.8092,-61.3003,70.88,95,100,0.93,overcast clouds
240,Faanui,PF,-16.4833,-151.75,81.75,71,66,1.95,broken clouds
241,Pontes E Lacerda,BR,-15.2261,-59.3353,74.77,94,78,1.62,broken clouds
242,Beringovskiy,RU,63.05,179.3167,-11.24,84,3,5.58,clear sky
243,Bilibino,RU,68.0546,166.4372,-15.66,97,74,1.3,broken clouds
244,Eyl,SO,7.9803,49.8164,73.69,71,20,7.18,few clouds
245,Dotnuva,LT,55.35,23.9,27.48,92,49,2.2,scattered clouds
246,Saint George,US,37.1041,-113.5841,57.67,30,0,0.89,clear sky
247,Burnie,AU,-41.0667,145.9167,65.75,82,89,2.61,overcast clouds
248,Longyearbyen,SJ,78.2186,15.6401,24.64,80,75,3.09,broken clouds
249,Pimenta Bueno,BR,-11.6725,-61.1936,73.18,97,91,1.6,overcast clouds
250,Praia Da Vitoria,PT,38.7333,-27.0667,57.76,92,99,7.74,overcast clouds
251,Sungaipenuh,ID,-2.0833,101.3833,65.3,97,99,0.8,overcast clouds
252,Camacha,PT,33.0833,-16.3333,62.53,88,40,4.63,scattered clouds
253,New Norfolk,AU,-42.7826,147.0587,68.76,73,100,0.89,overcast clouds
254,Bilma,NE,18.6853,12.9164,51.75,25,2,5.4,clear sky
255,Santa Maria,BR,-29.6842,-53.8069,71.6,45,0,3.65,clear sky
256,Kilimatinde,TZ,-5.85,34.95,69.21,69,100,1.31,overcast clouds
257,Phalombe,MW,-15.8064,35.6507,66.22,94,100,0.31,overcast clouds
258,Calbuco,CL,-41.768,-73.1273,67.21,84,46,4.11,scattered clouds
259,Shubarshi,KZ,48.5872,57.1869,2.8,84,10,4.52,clear sky
260,Chicama,PE,-7.8447,-79.1469,68.54,69,31,3.09,scattered clouds
261,Fuxin,CN,42.0156,121.6589,13.66,56,99,3.26,overcast clouds
262,Tasiilaq,GL,65.6145,-37.6368,32.16,70,100,21.38,overcast clouds
263,Prince Rupert,CA,54.3161,-130.3201,40.35,92,100,8.91,moderate rain
264,Hambantota,LK,6.1241,81.1185,75.6,88,100,4.92,overcast clouds
265,Esperance,AU,-33.8667,121.9,63.18,65,100,7.12,overcast clouds
266,Machiques,VE,10.0644,-72.545,77.31,60,37,4.83,scattered clouds
267,Bar Harbor,US,44.3876,-68.2039,42.03,81,100,4.92,overcast clouds
268,Bom Jardim,BR,-7.7958,-35.5872,74.37,80,23,3.5,few clouds
269,Cidreira,BR,-30.1811,-50.2056,72.43,72,42,8.07,scattered clouds
270,High Level,CA,58.5169,-117.136,-8.72,93,100,2.78,overcast clouds
271,Bridlington,GB,54.0831,-0.1919,42.73,89,91,4.26,overcast clouds
272,Thompson,CA,55.7435,-97.8558,-15.36,86,97,5.27,overcast clouds
273,Kozhva,RU,65.1073,57.0459,2.68,93,100,4.21,overcast clouds
274,Dryden,CA,49.7833,-92.7503,-11.78,88,100,4.86,overcast clouds
275,Fonte Boa,BR,-2.4959,-66.2662,74.21,98,99,1.23,overcast clouds
276,Samarai,PG,-10.6167,150.6667,81.95,77,86,1.7,overcast clouds
277,Lengshuijiang,CN,27.6881,111.4294,44.62,87,100,0.28,overcast clouds
278,Xunchang,CN,28.4543,104.715,48.27,81,100,1.14,overcast clouds
279,Coihaique,CL,-45.5752,-72.0662,62.55,51,75,3.6,broken clouds
280,Snasa,NO,64.2457,12.3778,6.67,93,8,2.95,clear sky
281,Vila Franca Do Campo,PT,37.7167,-25.4333,61.21,77,81,4.83,broken clouds
282,Malartic,CA,48.1335,-78.1328,3.02,78,100,5.88,overcast clouds
283,Zonguldak,TR,41.25,31.8333,43.57,70,87,2.51,overcast clouds
284,Beihai,CN,21.4833,109.1,61.9,83,100,4.22,overcast clouds
285,Guerrero Negro,MX,27.9769,-114.0611,67.19,51,100,2.7,overcast clouds
286,Grand Baie,MU,-20.0182,57.5802,76.44,87,76,1.79,broken clouds
287,Kesova Gora,RU,57.5836,37.2922,13.24,98,100,0.96,overcast clouds
288,Mityana,UG,0.4175,32.0228,71.19,72,100,0.88,overcast clouds
289,Saint-Pierre,RE,-21.3393,55.4781,76.68,83,0,2.06,clear sky
290,Menongue,AO,-14.6585,17.691,62.64,88,100,1.39,overcast clouds
291,Villa Carlos Paz,AR,-31.4241,-64.4978,78.08,27,48,0.7,scattered clouds
292,Bosaso,SO,11.2842,49.1816,70.81,76,4,1.56,clear sky
293,Margate,GB,51.3813,1.3862,39.96,93,14,2.75,few clouds
294,Liverpool,GB,53.4106,-2.9779,46.62,87,20,0.89,few clouds
295,Cassilandia,BR,-19.1133,-51.7342,71.49,87,17,1.88,few clouds
296,Cabra,ES,37.4725,-4.4421,49.89,82,11,0.89,few clouds
297,Morro Bay,US,35.3658,-120.8499,68.74,67,11,0.89,few clouds
298,Isangel,VU,-19.55,169.2667,83.41,73,13,9.21,few clouds
299,Avera,US,33.194,-82.5271,69.67,84,27,3.36,scattered clouds
300,Valdez,EC,1.2492,-78.9831,78.28,80,86,2.57,overcast clouds
301,Sept-Iles,CA,50.2001,-66.3821,25.05,90,100,5.36,overcast clouds
302,Arlit,NE,18.7369,7.3853,55.67,19,40,3.78,scattered clouds
303,Zaozerne,UA,45.1582,33.2787,48.56,89,95,1.86,overcast clouds
304,Ribeira Grande,PT,38.5167,-28.7,61.41,77,100,9.11,overcast clouds
305,Mogadishu,SO,2.0371,45.3438,77.59,81,23,9.32,few clouds
306,Sitka,US,57.0531,-135.33,46.29,71,75,7.2,broken clouds
307,Bloomington,US,44.8408,-93.2983,5.58,62,100,0.45,overcast clouds
308,Lima,PE,-12.0432,-77.0282,73.38,76,0,0.45,clear sky
309,San Patricio,US,28.017,-97.5169,75.29,43,95,8.05,overcast clouds
310,Pacifica,US,37.6138,-122.4869,62.44,72,40,1.34,scattered clouds
311,Iquique,CL,-20.2208,-70.1431,69.71,77,29,1.24,scattered clouds
312,Kununurra,AU,-15.7667,128.7333,84.18,89,82,2.57,broken clouds
313,Southbridge,US,42.0751,-72.0334,39.43,94,100,0.89,light rain
314,Biak,ID,-0.9131,122.8766,80.73,65,76,0.13,broken clouds
315,Nsoko,SZ,-27.0333,31.95,70.59,82,69,0.75,broken clouds
316,Mabaruma,GY,8.2,-59.7833,69.66,96,21,1.4,few clouds
317,Kuytun,RU,54.3419,101.5036,-3.78,99,87,0.49,overcast clouds
318,Luderitz,NA,-26.6481,15.1594,62.04,95,6,1.71,clear sky
319,San Carlos De Bariloche,AR,-41.1456,-71.3082,65.95,48,0,8.75,clear sky
320,Ihosy,MG,-22.4,46.1167,67.21,90,100,4.59,overcast clouds
321,Derzhavinsk,KZ,51.1,66.3167,-10.55,100,21,2.04,few clouds
322,Dobryanka,RU,58.4619,56.4165,13.86,92,100,5.13,overcast clouds
323,Portland,US,45.5234,-122.6762,51.21,63,13,0.45,few clouds
324,Rebrikha,RU,53.0733,82.3408,7.16,95,92,4.06,overcast clouds
325,Evensk,RU,61.95,159.2333,7.41,78,71,3.72,broken clouds
326,Bengkulu,ID,-3.8004,102.2655,76.01,89,96,1.52,light rain
327,Kruisfontein,ZA,-34.0033,24.7314,66.88,74,94,8.4,overcast clouds
328,Leshukonskoye,RU,64.8989,45.7622,-1.16,97,96,3.08,overcast clouds
329,San Cristobal,VE,7.7669,-72.225,68.18,93,81,1.13,broken clouds
330,Sfantu Gheorghe,RO,45.8667,25.7833,40.26,90,100,0.96,overcast clouds
331,Kirakira,SB,-10.4544,161.9205,85.51,70,99,4.57,overcast clouds
332,Coria,ES,39.9879,-6.5377,48.45,92,78,1.69,broken clouds
333,Diamantino,BR,-14.4086,-56.4461,73.26,96,97,2.17,overcast clouds
334,Makakilo City,US,21.3469,-158.0858,79.61,60,0,3.6,clear sky
335,Chuy,UY,-33.6971,-53.4616,69.87,79,0,5.97,clear sky
336,Hit,IQ,33.6416,42.8251,55.47,49,72,4.24,broken clouds
337,Vung Tau,VN,10.346,107.0843,75.7,83,15,5.65,few clouds
338,Los Llanos De Aridane,ES,28.6585,-17.9182,64.15,34,0,4.92,clear sky
339,Malinovka,BY,53.8579,27.4374,22.5,94,89,3.78,overcast clouds
340,Ziro,IN,27.6333,93.8333,41.99,83,79,0.96,broken clouds
341,Coquimbo,CL,-29.9533,-71.3436,64.94,74,99,1.67,overcast clouds
342,Maidstone,GB,51.2667,0.5167,40.21,91,50,0.45,scattered clouds
343,Lydenburg,ZA,-25.0978,30.4597,59.27,93,1,0.78,clear sky
344,Asau,RO,46.4333,26.4,33.28,98,100,1.59,overcast clouds
345,Ixtapa,MX,20.7,-105.2,76.23,73,100,3.6,overcast clouds
346,Bethel,US,41.3712,-73.414,38.1,90,90,0.89,moderate rain
347,Kanigoro,ID,-8.13,112.219,76.41,88,88,0.72,overcast clouds
348,Ostrovnoy,RU,68.0531,39.5131,27.23,65,98,8.16,overcast clouds
349,Balikpapan,ID,-1.2675,116.8289,76.19,83,20,0.0,moderate rain
350,Navalmoral De La Mata,ES,39.8916,-5.5406,46.96,94,38,1.72,scattered clouds
351,Provideniya,RU,64.3833,-173.3,6.91,66,0,8.0,clear sky
352,Haines Junction,CA,60.7522,-137.5108,-11.04,97,100,1.59,light snow
353,Te Anau,NZ,-45.4167,167.7167,68.99,65,74,2.08,broken clouds
354,Chernyshevskiy,RU,63.0128,112.4714,-14.37,88,100,2.46,overcast clouds
355,Chumikan,RU,54.7183,135.315,-14.64,87,94,5.8,overcast clouds
356,Beroroha,MG,-21.6667,45.1667,72.72,81,87,1.84,overcast clouds
357,Lircay,PE,-12.9896,-74.7205,50.63,83,99,1.61,overcast clouds
358,Tamandare,BR,-8.7597,-35.1047,79.02,79,2,2.91,clear sky
359,Mehamn,NO,71.0357,27.8492,31.12,74,100,10.41,light snow
360,Usinsk,RU,65.9939,57.5281,1.42,95,100,8.0,overcast clouds
361,North Platte,US,41.1239,-100.7654,33.26,65,0,1.34,clear sky
362,Yevpatoriya,UA,45.1972,33.3558,47.66,85,93,2.38,overcast clouds
363,Giyani,ZA,-23.3025,30.7187,68.5,79,0,2.08,clear sky
364,Mtwara,TZ,-10.2667,40.1833,80.78,81,90,4.74,light rain
365,Zernograd,RU,46.8452,40.3083,35.76,96,100,5.99,light snow
366,Pandan,PH,14.0453,124.1694,78.93,83,66,1.91,broken clouds
367,Lompoc,US,34.6391,-120.4579,69.08,79,0,5.66,clear sky
368,Sirnak,TR,37.5228,42.4594,36.16,73,99,3.19,light rain
369,Tafo,GH,6.7345,-1.6127,73.45,60,54,2.02,broken clouds
370,Bukan,IR,36.521,46.2089,35.22,52,46,2.37,scattered clouds
371,Wanxian,CN,30.8039,108.3897,50.4,77,100,1.45,overcast clouds
372,Pulivendla,IN,14.4167,78.2333,69.96,82,36,1.59,scattered clouds
373,Ayabaca,PE,-4.6398,-79.7149,52.57,79,99,1.24,light rain
374,Slave Lake,CA,55.2834,-114.769,-2.22,78,100,6.17,overcast clouds
375,San Rafael,AR,-34.6177,-68.3301,87.12,27,92,3.86,overcast clouds
376,Nortelandia,BR,-14.4547,-56.8028,73.87,94,99,2.18,overcast clouds
377,Plettenberg Bay,ZA,-34.0527,23.3716,72.01,68,100,3.02,overcast clouds
378,Lagoa,PT,39.05,-27.9833,60.06,72,96,5.95,overcast clouds
379,Yaan,NG,7.3833,8.5667,80.87,21,12,1.73,few clouds
380,Berlevag,NO,70.8578,29.0864,28.4,84,100,9.45,overcast clouds
381,Nantucket,US,41.2835,-70.0995,50.11,88,90,11.32,mist
382,Sobolevo,RU,54.4299,31.8996,21.83,96,100,3.4,light snow
383,Paamiut,GL,61.994,-49.6678,13.08,79,100,11.89,overcast clouds
384,Kochevo,RU,59.5994,54.3125,18.34,90,100,5.61,overcast clouds
385,Port Augusta,AU,-32.5,137.7667,95.7,17,50,4.41,scattered clouds
386,Bandar-E Lengeh,IR,26.5579,54.8807,59.11,88,0,0.0,clear sky
387,Gamba,GA,-2.65,10.0,76.23,95,93,2.33,overcast clouds
388,Raduzhnyy,RU,62.0961,77.475,-0.81,95,99,5.9,overcast clouds
389,Neyshabur,IR,36.2133,58.7958,36.18,36,0,1.28,clear sky
390,Erzin,TR,36.9559,36.2,52.32,84,96,2.86,overcast clouds
391,Vrangel,RU,42.7297,133.0839,16.74,39,0,3.61,clear sky
392,Bandundu,CD,-3.3167,17.3667,74.73,87,95,1.53,overcast clouds
393,Pudozh,RU,61.8099,36.5345,-11.06,100,90,1.04,overcast clouds
394,Pochinki,RU,54.6988,44.8668,19.63,87,100,6.18,snow
395,Birin,NP,26.8865,88.0718,46.06,78,78,1.61,broken clouds
396,Niquelandia,BR,-14.4739,-48.4597,69.15,99,100,1.42,overcast clouds
397,Methoni,GR,36.8197,21.7049,52.21,62,91,6.18,overcast clouds
398,Chegdomyn,RU,51.1167,133.0167,-23.84,100,58,0.68,broken clouds
399,Siderno,IT,38.2779,16.302,48.78,69,66,7.68,broken clouds
400,Alofi,NU,-19.0595,-169.9187,80.53,78,99,5.65,light rain
401,Balkanabat,TM,39.5108,54.3671,45.97,63,0,3.54,clear sky
402,Luang Prabang,LA,19.8856,102.1347,59.59,91,22,0.3,few clouds
403,Skjervoy,NO,70.0311,20.9714,28.0,58,48,4.22,scattered clouds
404,Ossora,RU,59.2353,163.0719,13.73,95,100,2.61,overcast clouds
405,Meulaboh,ID,4.1363,96.1285,74.75,94,100,1.64,moderate rain
406,Vao,NC,-22.6667,167.4833,77.23,78,77,10.29,broken clouds
407,Soyo,AO,-6.1349,12.3689,77.27,88,100,2.81,overcast clouds
408,Maragogi,BR,-9.0122,-35.2225,79.34,78,2,3.94,clear sky
409,Ust-Kuyga,RU,70.0167,135.6,-24.2,99,85,5.32,overcast clouds
410,Itamaraca,BR,-7.7478,-34.8256,80.47,76,9,3.67,clear sky
411,Kulhudhuffushi,MV,6.6221,73.07,80.15,75,95,3.85,overcast clouds
412,Guadalupe,MX,25.6833,-100.25,80.15,63,40,2.06,scattered clouds
413,Singkang,MY,2.1006,102.7994,73.26,93,100,2.36,overcast clouds
414,Vila,PT,42.0304,-8.1588,47.28,95,100,1.3,overcast clouds
415,Ilulissat,GL,69.2167,-51.1,15.82,86,100,4.63,overcast clouds
416,Porbandar,IN,21.6422,69.6093,60.91,52,0,4.61,clear sky
417,Padang,ID,-0.9492,100.3543,73.45,88,100,1.53,overcast clouds
418,Teguise,ES,29.0605,-13.564,59.22,36,0,4.63,clear sky
419,Fagersta,SE,60.0042,15.7932,28.99,92,100,2.28,overcast clouds
420,Glendive,US,47.1053,-104.7125,9.23,78,0,2.06,clear sky
421,Aripuana,BR,-9.1667,-60.6333,72.19,99,62,1.18,broken clouds
422,Ennis,IE,52.8436,-8.9864,52.07,100,90,5.66,light intensity drizzle
423,Dharmadam,IN,11.7833,75.4333,71.58,89,10,2.49,clear sky
424,Canutama,BR,-6.5339,-64.3831,70.84,99,96,1.08,overcast clouds
425,Tarko-Sale,RU,64.9225,77.785,-16.47,99,82,3.96,broken clouds
426,Naryan-Mar,RU,67.6713,53.087,1.13,94,98,4.69,overcast clouds
427,Santa Cruz,BO,-17.8,-63.1667,78.26,89,40,3.09,scattered clouds
428,Mahebourg,MU,-20.4081,57.7,76.24,81,98,3.78,overcast clouds
429,Neiafu,TO,-18.65,-173.9833,83.08,83,75,3.09,broken clouds
430,Pacific Grove,US,36.6177,-121.9166,67.15,67,0,1.34,clear sky
431,Canar,EC,-2.55,-78.9333,48.74,95,100,1.11,light rain
432,Auki,SB,-8.7676,160.7034,82.69,79,100,3.89,overcast clouds
433,Sabancuy,MX,18.9667,-91.1833,80.28,67,51,3.74,broken clouds
434,Eureka,US,40.8021,-124.1637,63.18,74,22,0.45,few clouds
435,Saint-Marc,HT,19.1082,-72.6938,78.94,70,52,3.77,broken clouds
436,Sao Miguel Do Araguaia,BR,-13.275,-50.1628,70.65,99,100,2.69,overcast clouds
437,Manacapuru,BR,-3.2997,-60.6206,74.77,87,99,1.84,overcast clouds
438,Lalmohan,BD,22.3384,90.7419,65.8,67,0,2.85,clear sky
439,San Julian,MX,21.0167,-102.1667,73.87,17,62,1.39,broken clouds
440,Mecca,SA,21.4267,39.8261,73.74,77,0,0.74,clear sky
441,Bemidji,US,47.4736,-94.8803,-8.09,69,0,4.12,clear sky
442,Carutapera,BR,-1.195,-46.02,74.75,93,75,0.81,moderate rain
443,San Pedro,PH,14.35,121.0167,79.11,83,11,1.46,few clouds
444,Tongliao,CN,43.6125,122.2653,-1.41,85,71,3.81,broken clouds
445,Poum,NC,-20.2333,164.0167,82.36,72,7,3.83,clear sky
446,Pailon,BO,-17.65,-62.75,79.7,74,58,3.76,broken clouds
447,Aldan,RU,58.6031,125.3894,-32.85,99,92,1.85,overcast clouds
448,Axim,GH,4.8699,-2.2405,80.26,82,85,2.62,overcast clouds
449,Maardu,EE,59.4767,25.025,28.18,85,100,5.81,overcast clouds
450,Oktyabrskiy,RU,54.4815,53.471,-0.44,94,97,2.33,overcast clouds
451,Novaya Igirma,RU,57.1334,103.9112,-12.87,86,70,1.63,broken clouds
452,San Jose,US,37.3394,-121.895,65.25,60,40,1.79,scattered clouds
453,Djibo,BF,14.1022,-1.6306,66.25,13,7,3.92,clear sky
454,Port Shepstone,ZA,-30.7414,30.455,72.84,85,11,10.93,few clouds
455,Myitkyina,MM,25.3833,97.4,54.63,77,1,1.19,clear sky
456,Aykhal,RU,66.0,111.5,0.41,94,100,9.54,overcast clouds
457,Estelle,US,29.8458,-90.1067,75.2,69,0,3.09,clear sky
458,Qingdao,CN,36.0986,120.3719,38.32,56,98,0.83,light rain
459,Sabla,NG,12.7525,4.7077,70.29,22,2,5.2,clear sky
460,Palu,ID,-0.8917,119.8707,81.59,73,57,0.9,broken clouds
461,Krasnogorodsk,RU,56.8357,28.2822,11.46,98,98,1.03,overcast clouds
462,Kavieng,PG,-2.5744,150.7967,83.55,69,100,3.3,overcast clouds
463,Santa Elena,EC,-2.2333,-80.85,75.11,75,99,3.64,overcast clouds
464,Ganjam,IN,19.3833,85.0667,67.98,80,1,1.56,clear sky
465,Konevo,RU,62.1215,39.3192,1.22,100,94,1.43,overcast clouds
466,Shwebo,MM,22.5667,95.7,61.39,74,1,1.78,clear sky
467,Sulya,IN,12.5667,75.3833,71.64,97,21,1.32,few clouds
468,Muriti,TZ,-1.9833,32.9167,74.62,65,100,0.56,overcast clouds
469,Malaut,IN,30.2167,74.4833,48.9,76,0,1.23,clear sky
470,Soe,ID,-9.8607,124.284,71.2,84,95,0.87,overcast clouds
471,Saryozek,KZ,44.3583,77.9753,27.48,87,78,0.16,broken clouds
472,Muncar,ID,-8.4333,114.3333,79.5,78,81,1.43,broken clouds
473,Agadez,NE,19.75,10.25,49.23,23,1,4.39,clear sky
474,Nuevo Progreso,MX,23.1667,-97.95,81.59,70,58,1.79,broken clouds
475,Egvekinot,RU,66.3167,-179.1667,-8.36,58,0,5.89,clear sky
476,Fukue,JP,32.6881,128.8419,51.42,57,41,3.48,scattered clouds
477,Plouzane,FR,48.3833,-4.6167,53.92,100,100,7.2,light intensity drizzle
478,Perevoz,RU,55.5961,44.5446,18.97,95,100,6.41,light snow
479,Durban,ZA,-29.8579,31.0292,74.01,86,3,2.24,clear sky
480,Boa Vista,BR,2.8197,-60.6733,84.18,51,0,3.09,clear sky
481,Umm Lajj,SA,25.0213,37.2685,73.67,60,92,12.19,overcast clouds
482,Breisach,DE,48.0333,7.5833,40.89,93,75,2.06,broken clouds
483,Bara,NG,10.3744,10.7288,69.82,22,25,4.46,scattered clouds
484,Rovaniemi,FI,66.5,25.7167,0.81,85,0,1.03,clear sky
485,Ismailia,EG,30.6043,32.2723,53.06,48,0,6.19,clear sky
486,Tual,ID,-5.6667,132.75,82.53,78,99,3.63,overcast clouds
487,Acarau,BR,-2.8856,-40.12,80.17,75,100,5.08,overcast clouds
488,Gikongoro,RW,-2.464,29.5739,56.97,88,67,2.12,broken clouds
489,Pando,UY,-34.7167,-55.95,73.98,34,0,7.22,clear sky
490,Hasaki,JP,35.7333,140.8333,45.0,72,100,9.86,light rain
491,Loanda,AO,-8.8368,13.2343,76.24,85,100,2.74,overcast clouds
492,Dvinskoy,RU,62.1535,45.1175,15.75,96,100,2.01,overcast clouds
493,Sangar,RU,63.9242,127.4739,-43.49,99,82,1.47,broken clouds
494,Puqi,CN,29.7167,113.8833,44.83,79,100,1.44,overcast clouds
495,Havelock,US,34.8791,-76.9013,62.98,83,0,4.02,clear sky
496,Moshenskoye,RU,58.5102,34.5911,3.79,100,99,0.24,overcast clouds
497,Manokwari,ID,-0.8667,134.0833,80.02,73,94,1.55,overcast clouds
498,Aswan,EG,24.0934,32.907,61.83,48,99,5.67,overcast clouds
499,Cockburn Town,TC,21.4612,-71.1419,78.48,74,26,9.99,scattered clouds
500,Totness,SR,5.8833,-56.3167,75.9,79,92,3.63,overcast clouds
501,Cabo San Lucas,MX,22.8909,-109.9124,76.6,79,100,0.0,overcast clouds
502,Merrill,US,45.1805,-89.6835,-0.04,61,0,4.12,clear sky
503,Vestmannaeyjar,IS,63.4427,-20.2734,40.91,96,100,20.4,heavy intensity rain
504,Torrington,US,41.8007,-73.1212,37.15,94,100,0.89,snow
505,Lorengau,PG,-2.0226,147.2712,82.71,76,73,3.96,broken clouds
506,Bacolod,PH,10.6667,122.95,79.36,83,48,3.62,scattered clouds
507,Biscarrosse,FR,44.3945,-1.1672,58.33,100,100,7.72,overcast clouds
508,La Ronge,CA,55.1001,-105.2842,-14.55,64,20,2.06,few clouds
509,Shenkursk,RU,62.1091,42.896,14.99,96,100,2.1,light snow
510,Kefamenanu,ID,-9.4467,124.4781,77.76,80,71,0.7,broken clouds
511,Bombay,IN,19.0144,72.8479,66.18,48,0,0.0,smoke
512,Viedma,AR,-40.8135,-62.9967,71.29,59,23,6.13,few clouds
513,Rawah,IQ,34.4816,41.9093,54.05,52,92,3.42,overcast clouds
514,Sambava,MG,-14.2667,50.1667,74.66,90,100,2.23,overcast clouds
515,Mingoyo,TZ,-10.1,39.6333,76.08,94,100,1.38,overcast clouds
516,Denpasar,ID,-8.65,115.2167,78.46,88,20,1.54,few clouds
517,Fairlie,GB,55.756,-4.8556,40.12,87,89,1.88,overcast clouds
518,Ponta Delgada,PT,37.7333,-25.6667,60.49,82,75,6.69,broken clouds
519,Batticaloa,LK,7.7102,81.6924,76.39,85,100,1.38,overcast clouds
520,Copacabana,CO,6.3463,-75.5089,69.01,98,91,1.34,overcast clouds
521,Vyshkov,RU,52.4764,31.6873,24.69,98,100,0.86,light snow
522,Chissamba,AO,-12.1667,17.3333,63.48,96,100,1.66,overcast clouds
523,Boueni,YT,-12.9025,45.0761,78.78,76,92,1.88,overcast clouds
524,Kieta,PG,-6.2167,155.6333,86.52,67,26,4.92,scattered clouds
525,Wahiawa,US,21.5028,-158.0236,77.79,63,20,2.06,few clouds
526,Abdanan,IR,32.9926,47.4198,46.78,44,50,0.88,scattered clouds
527,Nantong,CN,32.0303,120.8747,40.98,79,9,1.63,clear sky
528,Ayolas,PY,-27.4,-56.9,80.42,43,7,3.06,clear sky
529,Honiara,SB,-9.4333,159.95,86.86,65,96,3.73,overcast clouds
530,Sorland,NO,67.667,12.6934,32.34,63,7,3.19,clear sky
531,Poya,NC,-21.35,165.15,84.67,68,8,3.7,clear sky
532,Toamasina,MG,-18.1667,49.3833,75.65,89,100,3.53,light rain
533,Talcahuano,CL,-36.7167,-73.1167,60.51,89,32,2.8,scattered clouds
534,Kongolo,CD,-5.3833,27.0,70.84,95,96,0.39,overcast clouds
535,Micheweni,TZ,-4.9667,39.8333,81.27,75,89,6.54,overcast clouds
536,Amot,NO,59.5714,7.9877,23.5,95,100,2.19,overcast clouds
537,Kurumkan,RU,54.3,110.3,-19.26,82,39,1.64,scattered clouds
538,Zhashkiv,UA,49.2454,30.1102,31.06,98,100,3.07,overcast clouds
539,Kachug,RU,53.9606,105.8817,-24.21,100,63,0.29,broken clouds
540,Yar-Sale,RU,66.8333,70.8333,-10.35,98,86,3.25,overcast clouds
541,Arras,FR,50.293,2.7819,35.15,95,8,0.9,clear sky
542,Grieskirchen,AT,48.2333,13.8333,36.72,92,97,1.98,overcast clouds
543,Devils Lake,US,48.1128,-98.8651,-11.22,77,0,4.12,clear sky
544,Grenada,ES,37.1882,-3.6067,49.12,100,0,0.0,clear sky
545,Pafos,CY,34.7667,32.4167,60.58,67,75,10.29,thunderstorm with light rain
546,Kalemie,CD,-5.9475,29.1947,70.14,81,97,1.53,overcast clouds
547,Gold Coast,AU,-28.0,153.4333,86.23,69,45,2.24,scattered clouds
548,Riberalta,BO,-10.9833,-66.1,75.47,85,85,1.02,overcast clouds
549,Aquiraz,BR,-3.9014,-38.3911,83.21,73,100,3.76,overcast clouds
550,Shahr-E Babak,IR,30.1165,55.1186,37.83,45,0,0.56,clear sky
551,Russell,US,32.3502,-85.1999,65.12,93,40,3.09,thunderstorm with rain
552,Kuusamo,FI,65.9667,29.1833,-5.76,84,75,3.6,broken clouds
553,Lata,PT,40.1629,-8.3327,55.81,99,100,1.33,overcast clouds
554,Hengshui,CN,37.7322,115.7011,33.17,64,100,2.65,overcast clouds
555,Ola,RU,59.5833,151.2833,14.14,81,100,4.54,overcast clouds
556,Millau,FR,44.0833,2.9167,43.39,99,100,1.83,light rain
557,Hervey Bay,AU,-25.2986,152.8535,85.01,67,72,1.79,broken clouds
558,Wukari,NG,7.85,9.7833,76.19,22,40,2.63,scattered clouds
559,Ballater,GB,57.0493,-3.0402,34.3,93,55,1.64,broken clouds
560,Itapaci,BR,-14.9508,-49.5494,69.8,99,100,2.59,overcast clouds
561,Kashi,CN,39.4547,75.9797,22.21,63,40,1.0,smoke
562,Quirinopolis,BR,-18.4483,-50.4517,70.79,89,13,1.59,few clouds
563,Kudahuvadhoo,MV,2.6708,72.8944,81.55,73,98,4.38,overcast clouds
564,Fuerte Olimpo,PY,-21.0415,-57.8738,82.47,56,41,2.49,scattered clouds
565,Constantine,DZ,36.365,6.6147,47.61,66,40,3.6,scattered clouds
566,Tshela,CD,-4.9833,12.9333,73.36,100,99,0.45,overcast clouds
567,La Tuque,CA,47.4334,-72.7824,28.58,80,98,7.27,light snow
568,Matagami,CA,49.7502,-77.6328,-3.89,71,90,9.77,light snow
569,Lakatoro,VU,-16.0999,167.4164,84.54,73,18,2.36,few clouds
570,Bafq,IR,31.6128,55.4107,44.87,36,0,0.7,clear sky
571,La Primavera,CO,5.4906,-70.4092,81.43,44,88,2.35,overcast clouds
572,Yazman,PK,29.1212,71.7446,51.66,72,0,2.74,clear sky
573,Oranjemund,NA,-28.55,16.4333,64.65,94,10,2.07,clear sky
574,Sterling,US,39.0062,-77.4286,44.94,97,100,2.68,overcast clouds
575,Nanakuli,US,21.3906,-158.1547,81.03,60,0,3.6,clear sky
576,Coahuayana,MX,18.7333,-103.6833,90.88,56,50,2.0,scattered clouds
577,Shihezi,CN,44.3,86.0333,11.25,88,18,1.49,few clouds
578,Torrevieja,ES,37.9787,-0.6822,64.53,55,4,10.43,clear sky
579,Longview,US,32.5007,-94.7405,55.65,86,90,0.89,overcast clouds
580,Betafo,MG,-19.8333,46.85,61.25,94,100,1.99,overcast clouds
581,Tupik,RU,54.4253,119.9327,-23.78,97,24,1.02,few clouds
582,Monrovia,LR,6.3005,-10.7969,80.44,83,41,2.99,scattered clouds
583,Bicaz,RO,46.9167,26.0667,28.76,97,97,1.43,light snow
584,Georgiyevka,KZ,43.0369,74.7114,30.24,93,75,1.0,mist
585,Bundaberg,AU,-24.85,152.35,82.69,61,40,6.69,scattered clouds
586,General Roca,AR,-39.0333,-67.5833,87.62,14,0,1.66,clear sky
587,Morondava,MG,-20.2833,44.2833,77.14,82,100,2.37,overcast clouds
588,Alakurtti,RU,66.9672,30.3491,2.16,98,88,2.0,overcast clouds
589,Caruray,PH,10.3094,119.0128,78.48,85,67,1.74,broken clouds
590,Mangrol,IN,21.1167,70.1167,58.86,57,0,5.19,clear sky
591,Qui Nhon,VN,13.7667,109.2333,73.4,86,67,2.53,broken clouds
592,Ivaipora,BR,-24.2478,-51.6847,62.73,87,56,4.06,broken clouds
593,Sorong,ID,-0.8833,131.25,81.32,78,86,1.73,overcast clouds
594,Kisangani,CD,0.5167,25.2,73.09,88,99,1.08,overcast clouds
595,Doha,QA,25.2867,51.5333,60.78,64,0,1.54,clear sky
596,Alta,NO,69.9689,23.2717,13.24,84,20,2.57,few clouds
597,Taltal,CL,-25.4,-70.4833,66.97,78,89,1.68,overcast clouds
598,Karasjok,NO,69.4719,25.5112,12.31,100,87,1.69,overcast clouds
599,Pangnirtung,CA,66.1451,-65.7125,-25.44,88,64,2.32,broken clouds
600,Arkhangelsk,RU,64.5401,40.5433,0.1,84,100,2.0,light snow
601,Ati,TD,13.2154,18.3353,69.03,21,5,4.59,clear sky
602,Rafaela,AR,-31.2503,-61.4867,87.98,35,1,0.89,clear sky
603,Peleduy,RU,59.6289,112.7406,-27.31,98,14,0.67,few clouds
604,Rocha,UY,-34.4833,-54.3333,68.52,81,0,5.34,clear sky
605,La Cruz,MX,23.9167,-106.9,70.97,64,100,3.31,overcast clouds
606,Ingham,US,42.6,-84.3833,18.3,71,0,5.66,clear sky
607,Sheboygan,US,43.7333,-87.9334,9.64,60,0,2.68,clear sky
608,Linden,GY,6.0,-58.3,73.54,88,65,1.31,broken clouds
609,Skibbereen,IE,51.55,-9.2667,49.8,94,100,7.74,overcast clouds
610,Ugoofaaru,MV,5.6667,73.0,80.51,75,80,3.76,broken clouds
611,Laguna,US,38.421,-121.4238,61.3,67,1,0.89,clear sky
612,Husavik,IS,66.0449,-17.3389,42.71,91,100,12.56,overcast clouds
613,Muisne,EC,0.6,-80.0333,76.21,87,100,2.22,overcast clouds
614,Saint-Augustin,CA,51.226,-58.6502,27.97,96,94,10.37,snow
615,Shizunai,JP,42.3339,142.3669,27.75,70,29,1.67,scattered clouds
616,Kolyvan,RU,55.3053,82.7391,17.22,90,88,5.08,overcast clouds
617,Anadyr,RU,64.75,177.4833,-16.1,76,18,9.0,few clouds
618,Malakal,SS,9.5334,31.6605,80.11,35,38,1.6,scattered clouds
619,Abu Dhabi,AE,24.4667,54.3667,66.96,74,20,0.0,few clouds
620,Kargil,IN,34.5667,76.1,13.15,94,100,0.37,light snow
621,Sembe,CG,1.6481,14.5806,79.2,52,94,1.15,overcast clouds
622,Innisfail,AU,-17.5333,146.0333,85.87,83,91,3.7,overcast clouds
623,Starkville,US,33.4504,-88.8184,53.26,91,100,6.75,overcast clouds
624,Westport,US,41.1415,-73.3579,40.82,94,100,0.89,light rain
625,Puerto Escondido,MX,15.85,-97.0667,81.43,74,40,0.0,scattered clouds
626,Hinton,CA,53.4001,-117.5857,28.44,90,100,2.77,overcast clouds
627,Taksimo,RU,56.3444,114.8794,-26.81,90,21,0.26,few clouds
628,Simao,CN,22.7886,100.9748,47.48,76,0,0.54,clear sky
629,Jiaxing,CN,30.7522,120.75,49.01,73,100,0.7,overcast clouds
630,Andenes,NO,69.3143,16.1194,17.58,86,20,4.12,few clouds
631,Porto Velho,BR,-8.7619,-63.9039,75.25,94,20,0.51,few clouds
632,Nemuro,JP,43.3236,145.575,18.03,64,11,4.85,few clouds
633,Jalu,LY,29.0331,21.5482,51.12,53,1,5.45,clear sky
634,Tessalit,ML,20.1986,1.0114,58.1,18,53,4.7,broken clouds
635,San Matias,BO,-16.3667,-58.4,78.76,80,76,2.28,broken clouds
636,Lerwick,GB,60.1545,-1.1494,42.8,76,99,10.5,overcast clouds
637,Omboue,GA,-1.5746,9.2618,77.04,91,100,2.67,overcast clouds
638,Slavyanka,RU,42.8633,131.3847,12.25,72,4,2.76,clear sky
639,Namwala,ZM,-15.7504,26.4384,65.95,97,100,1.24,moderate rain
640,Buraydah,SA,26.326,43.975,61.25,37,71,5.29,broken clouds
641,Comodoro Rivadavia,AR,-45.8667,-67.5,78.66,24,0,10.8,clear sky
642,Belyy Yar,RU,53.6039,91.3903,19.29,79,0,5.0,clear sky
643,Samfya,ZM,-11.3649,29.5565,65.84,94,96,1.24,light rain
644,Marzuq,YE,14.4,46.4667,59.36,34,33,1.34,scattered clouds
645,Gravdal,NO,68.1214,13.5031,27.97,77,34,2.7,scattered clouds
646,Hobyo,SO,5.3505,48.5268,76.6,68,10,9.05,clear sky
647,Roebourne,AU,-20.7833,117.1333,85.8,60,0,3.89,light rain
648,Ngunguru,NZ,-35.6167,174.5,80.17,68,100,3.93,overcast clouds
649,Nongstoin,IN,25.5167,91.2667,48.02,80,1,1.37,clear sky
650,Port Hawkesbury,CA,45.6169,-61.3485,42.19,93,100,3.58,overcast clouds
651,Visnes,NO,59.3556,5.2242,40.21,52,75,2.57,broken clouds
652,Victor Harbor,AU,-35.5667,138.6167,96.46,33,23,3.32,few clouds
653,Bonfim,BR,3.0833,-59.95,83.05,46,98,2.14,overcast clouds
654,Kalga,RU,50.9251,118.898,-17.21,93,67,2.08,broken clouds
655,Ust-Nera,RU,64.5667,143.2,-23.71,99,73,1.46,broken clouds
656,Naze,JP,28.3667,129.4833,59.92,74,98,4.67,overcast clouds
657,Kenora,CA,49.8167,-94.4337,-11.22,63,20,4.63,few clouds
658,Nurota,UZ,40.5614,65.6886,28.49,79,89,1.83,overcast clouds
659,Sohag,EG,26.557,31.6948,56.61,40,79,3.82,broken clouds
660,Kimbe,PG,-5.5502,150.1429,81.5,79,100,2.03,light rain
661,Crotone,IT,39.0851,17.1178,44.69,66,80,4.34,broken clouds
662,Janakkala,FI,60.9,24.6,16.84,97,66,1.81,broken clouds
663,Lebork,PL,54.5392,17.7501,29.91,84,98,3.21,overcast clouds
664,Manaia,NZ,-39.55,174.1333,74.8,60,100,5.45,overcast clouds
665,Luanda,AO,-8.8368,13.2343,76.24,85,99,2.64,overcast clouds
666,Loa Janan,ID,-0.583,117.095,75.6,97,85,1.03,overcast clouds
667,Uruacu,BR,-14.5247,-49.1408,69.78,99,100,2.28,overcast clouds
668,Camocim,BR,-2.9022,-40.8411,79.86,76,99,4.07,overcast clouds
669,Puebloviejo,CO,10.9938,-74.2844,84.38,54,16,5.66,few clouds
670,Tambura,SS,5.6,27.4667,76.84,36,95,1.43,overcast clouds
671,Iskateley,RU,67.6803,53.1512,1.26,94,98,4.68,overcast clouds
672,Chirongui,YT,-12.9319,45.1483,78.73,75,93,1.92,overcast clouds
673,Bor,RU,56.3567,44.0669,19.33,95,100,4.65,snow
674,Kurilsk,RU,45.2333,147.8833,26.11,62,99,9.56,overcast clouds
675,Guayaramerin,BO,-10.8368,-65.3614,74.26,95,96,0.94,overcast clouds
676,Qaqortoq,GL,60.7167,-46.0333,16.3,81,100,1.45,overcast clouds
677,Harlingen,US,26.1906,-97.6961,78.89,95,75,4.63,broken clouds
678,Wanning,CN,18.8003,110.3967,70.14,83,81,1.83,broken clouds
679,Duzce,TR,40.8389,31.1639,52.14,67,99,3.66,light rain
680,Bitkine,TD,11.9801,18.2138,70.75,21,2,3.7,clear sky
681,Rawson,AR,-43.3002,-65.1023,66.16,57,12,4.68,few clouds
682,Cap Malheureux,MU,-19.9842,57.6142,76.46,87,77,1.34,broken clouds
683,Bintulu,MY,3.1667,113.0333,77.41,88,40,1.54,scattered clouds
684,Ende,ID,-8.8432,121.6623,82.04,77,81,1.44,light rain
685,Walvis Bay,NA,-22.9575,14.5053,63.09,88,26,1.54,scattered clouds
686,Oyon,PE,-10.6681,-76.7731,45.16,96,100,1.92,overcast clouds
687,Pontianak,ID,-0.0333,109.3333,75.18,94,20,1.54,few clouds
688,Korla,CN,41.7597,86.1469,23.92,65,100,2.61,overcast clouds
689,Nome,US,64.5011,-165.4064,5.11,51,0,14.92,clear sky
690,Cabedelo,BR,-6.9811,-34.8339,80.91,75,9,4.99,clear sky
691,Hvide Sande,DK,56.0045,8.1294,35.89,98,100,8.43,overcast clouds
692,Phaltan,IN,17.9833,74.4333,62.6,72,4,1.5,clear sky
693,Mayumba,GA,-3.432,10.6554,76.78,94,98,2.1,overcast clouds
694,Gigmoto,PH,13.7796,124.39,79.21,82,80,1.88,broken clouds
695,Ourossogui,SN,15.6064,-13.3211,72.95,12,95,4.53,overcast clouds
696,Coromandel,BR,-18.4733,-47.2003,65.14,99,100,1.59,overcast clouds
697,Broken Hill,AU,-31.95,141.4333,94.3,18,0,4.31,clear sky
698,Caravelas,BR,-17.7125,-39.2481,76.55,87,98,3.94,overcast clouds
699,Grand Gaube,MU,-20.0064,57.6608,76.37,87,77,1.34,broken clouds
700,Dorchester,US,33.1002,-80.3831,66.72,89,100,1.34,overcast clouds
701,Dongsheng,CN,39.8161,109.9776,12.33,65,38,5.15,scattered clouds
702,Maxixe,MZ,-23.8597,35.3472,73.06,93,48,2.65,light rain
703,Tilichiki,RU,60.4667,166.1,-4.9,92,52,3.27,broken clouds
704,Abonnema,NG,4.7084,6.7931,78.98,83,19,2.09,few clouds
705,Linay,PH,8.5167,123.1333,79.0,87,82,4.11,broken clouds
706,Dawlatabad,AF,36.4141,64.9053,39.18,81,17,1.3,few clouds
707,Sol-Iletsk,RU,51.1631,54.9918,0.54,83,45,3.14,scattered clouds
708,Nenjiang,CN,49.1833,125.2167,-6.66,91,100,2.33,overcast clouds
